Company,Company Size
Dis PC,51-499
Eget Inc.,10000
Ridiculus Mus Proin Corporation,51-499
Est Nunc LLP,501-1000
Non Dapibus Rutrum Ltd,10000
Ipsum Curabitur Consequat Consulting,501-1000
Eget Nisi Dictum Corporation,10000
Lorem Corporation,10000
Vulputate Ullamcorper Magna Corp.,501-1000
Elit Curabitur Consulting,51-499
Sit Amet Corp.,1001-9999
Magna Malesuada Vel LLC,10000
Phasellus In Ltd,10000
Ipsum Primis In Inc.,10000
Amet LLP,1001-9999
Iaculis Nec Eleifend Company,10000
A Purus Consulting,10000
Ac Foundation,51-499
Non Lacinia At Industries,10000
Torquent Ltd,1001-9999
Cursus Purus Nullam Associates,1001-9999
Eleifend Nec Malesuada Industries,1001-9999
Dolor Quam Elementum Corporation,1001-9999
In Incorporated,501-1000
Cursus Non Foundation,1001-9999
Ac Institute,10000
Ornare In Faucibus Associates,10000
At Nisi Cum Institute,1001-9999
Dui Fusce Industries,501-1000
Arcu Et Foundation,51-499
Vivamus Euismod Industries,1001-9999
Ultrices Corporation,1001-9999
Quam A Felis LLC,10000
Sem Ut Dolor Corp.,51-499
Sed Diam Lorem Corp.,1001-9999
Nisl Quisque Fringilla Corp.,10000
Sociis Natoque Company,10000
Nulla Dignissim Associates,10000
Nisl Incorporated,1001-9999
Nulla Magna Malesuada Foundation,501-1000
Suspendisse Sagittis Associates,501-1000
Eu Sem PC,501-1000
Primis In Faucibus Ltd,51-499
Ornare Elit Foundation,10000
Nec Industries,10000
Tellus Aenean Institute,10000
Lorem Luctus Ut LLP,501-1000
In Lorem Donec Institute,1001-9999
Lectus Pede Inc.,1001-9999
Auctor Non Incorporated,1001-9999
Nulla Industries,501-1000
Ac Foundation,10000
Purus Institute,10000
Integer Vitae Nibh Corporation,1001-9999
Nunc Sit Company,51-499
Aliquet Sem Corporation,51-499
Et Malesuada Corp.,501-1000
Mi Corporation,51-499
Nonummy Corporation,1001-9999
Eget Ltd,10000
Ut Corporation,51-499
Vestibulum Foundation,10000
Mauris Sit Amet PC,10000
Ipsum Suspendisse Ltd,10000
Turpis Vitae Purus Corporation,501-1000
Libero Industries,1001-9999
Hendrerit Neque Corp.,51-499
Dui Company,51-499
Ac Urna Ut Consulting,51-499
Habitant LLC,501-1000
Duis Elementum Dui LLC,51-499
Vulputate Eu Odio Associates,1001-9999
Urna Corp.,501-1000
Class Aptent Consulting,51-499
In Consequat Enim PC,1001-9999
Bibendum Donec LLP,501-1000
Eleifend Nec Malesuada Incorporated,10000
Mi Lorem LLP,1001-9999
Tempor Arcu LLC,501-1000
Sagittis Placerat LLC,1001-9999
Dui LLP,51-499
Ac PC,501-1000
Elit Nulla Facilisi Corp.,10000
Cras Eu Tellus Corporation,1001-9999
Quis Accumsan Limited,51-499
Morbi Sit Limited,10000
Egestas Consulting,1001-9999
Morbi Inc.,51-499
Sociis Natoque Penatibus Ltd,10000
Malesuada Limited,51-499
Vestibulum Institute,51-499
Bibendum Fermentum Metus LLP,51-499
Imperdiet Incorporated,10000
Lorem Company,501-1000
Accumsan Laoreet Corp.,10000
Penatibus Et Corporation,10000
Aliquam Corp.,1001-9999
Vel Sapien Imperdiet Associates,1001-9999
Et Ipsum Cursus LLC,51-499
Proin Corp.,10000