Sales Rep,Folder Name,Folder Link,Folder ID,File Count,Last Pull
Anjolie Murphy,Contacts List - Anjolie Murphy,https://drive.google.com/drive/folders/1ayTpm_uMMeiHAG-Y-u0-5JrjxqevjbyR,1ayTpm_uMMeiHAG-Y-u0-5JrjxqevjbyR,0,2018-10-07 11:49:03
Bethany Horne,Contacts List - Bethany Horne,https://drive.google.com/drive/folders/1NwUaB_ust8UTRf_tSTlHvk5nZrMNWtFc,1NwUaB_ust8UTRf_tSTlHvk5nZrMNWtFc,0,2018-10-07 11:49:03
Catherine Estes,Contacts List - Catherine Estes,https://drive.google.com/drive/folders/1quGRsxe27ft_8bBU41lAmf1UqsXru1DQ,1quGRsxe27ft_8bBU41lAmf1UqsXru1DQ,0,2018-10-07 11:49:03
Ethan Odom,Contacts List - Ethan Odom,https://drive.google.com/drive/folders/1RIUSZM7kJ31XfNbJTsLSHJkJmt1fNGkK,1RIUSZM7kJ31XfNbJTsLSHJkJmt1fNGkK,0,2018-10-07 11:49:03
Farrah Mcgee,Contacts List - Farrah Mcgee,https://drive.google.com/drive/folders/1AP1xbJ7YNape5KcjpJL800LrbQ1jGt02,1AP1xbJ7YNape5KcjpJL800LrbQ1jGt02,0,2018-10-07 11:49:03
Giselle Dejesus,Contacts List - Giselle Dejesus,https://drive.google.com/drive/folders/188cx27ylZpwD4lb-Agxxi77gYe-yupUh,188cx27ylZpwD4lb-Agxxi77gYe-yupUh,0,2018-10-07 11:49:03
Hayley Munoz,Contacts List - Hayley Munoz,https://drive.google.com/drive/folders/1ZIJFrJYf81-ciGAEMmz6zWIDh6SeF-IB,1ZIJFrJYf81-ciGAEMmz6zWIDh6SeF-IB,0,2018-10-07 11:49:03
Hoyt Downs,Contacts List - Hoyt Downs,https://drive.google.com/drive/folders/1XBXNzbUwEe3ZRHosQJRzXoJGJhwZponJ,1XBXNzbUwEe3ZRHosQJRzXoJGJhwZponJ,0,2018-10-07 11:49:03
Ignatius Frank,Contacts List - Ignatius Frank,https://drive.google.com/drive/folders/1Au8IVHPb3jS9dEUAmlxo1b2oFkmWv08a,1Au8IVHPb3jS9dEUAmlxo1b2oFkmWv08a,0,2018-10-07 11:49:03
Iliana Weiss,Contacts List - Iliana Weiss,https://drive.google.com/drive/folders/1Cv7Iu70WEoxOEBgJVXwvS-rsobXh0XF7,1Cv7Iu70WEoxOEBgJVXwvS-rsobXh0XF7,0,2018-10-07 11:49:03
Jack Francis,Contacts List - Jack Francis,https://drive.google.com/drive/folders/1zRGzhmpBlPSrXSpar112rHpDumWrvGpL,1zRGzhmpBlPSrXSpar112rHpDumWrvGpL,0,2018-10-07 11:49:03
Jacob Dorsey,Contacts List - Jacob Dorsey,https://drive.google.com/drive/folders/1OMBwM4K-gSGUwt6S2qKKl0uoVV4TKve2,1OMBwM4K-gSGUwt6S2qKKl0uoVV4TKve2,0,2018-10-07 11:49:03
Lance Floyd,Contacts List - Lance Floyd,https://drive.google.com/drive/folders/1Wg0DmX7AJXNqgszk52_wFAdXCtklMrNC,1Wg0DmX7AJXNqgszk52_wFAdXCtklMrNC,0,2018-10-07 11:49:03
Lani Solomon,Contacts List - Lani Solomon,https://drive.google.com/drive/folders/1MKjBG6Vu03dcIZ6AU43Awl1BXIajJnxP,1MKjBG6Vu03dcIZ6AU43Awl1BXIajJnxP,0,2018-10-07 11:49:03
Libby Lyons,Contacts List - Libby Lyons,https://drive.google.com/drive/folders/1lavVxBzNw5HDjsS_hFhyugSsy-57aggO,1lavVxBzNw5HDjsS_hFhyugSsy-57aggO,0,2018-10-07 11:49:03
Martin Pruitt,Contacts List - Martin Pruitt,https://drive.google.com/drive/folders/19d0N3R57eT5F-akqNSG8pla1dfafbSoT,19d0N3R57eT5F-akqNSG8pla1dfafbSoT,0,2018-10-07 11:49:03
Naomi Livingston,Contacts List - Naomi Livingston,https://drive.google.com/drive/folders/1GoN-kBPhTJmnmVo2bn0C1CIQ-RHmlQnC,1GoN-kBPhTJmnmVo2bn0C1CIQ-RHmlQnC,0,2018-10-07 11:49:03
Natalie Hull,Contacts List - Natalie Hull,https://drive.google.com/drive/folders/1Q_j8H45muNMhXLg0bQHpYB9H4KH-Ugaj,1Q_j8H45muNMhXLg0bQHpYB9H4KH-Ugaj,0,2018-10-07 11:49:03
Perry Poole,Contacts List - Perry Poole,https://drive.google.com/drive/folders/116b_BK5tvmkwgGC3odEs-rb_JgdoXUpP,116b_BK5tvmkwgGC3odEs-rb_JgdoXUpP,0,2018-10-07 11:49:03
Ria Gilbert,Contacts List - Ria Gilbert,https://drive.google.com/drive/folders/17jFbu6QRFLbFW-BqfxbzCYGd-naVYSlf,17jFbu6QRFLbFW-BqfxbzCYGd-naVYSlf,0,2018-10-07 11:49:03
Samuel Acosta,Contacts List - Samuel Acosta,https://drive.google.com/drive/folders/1-iy00DsVKOckhRS8oWcwGDh_frgBNGVZ,1-iy00DsVKOckhRS8oWcwGDh_frgBNGVZ,0,2018-10-07 11:49:03
Stone Dotson,Contacts List - Stone Dotson,https://drive.google.com/drive/folders/1NtuIVaXJAadp7XDpH_0JKFVEfsWjejTG,1NtuIVaXJAadp7XDpH_0JKFVEfsWjejTG,0,2018-10-07 11:49:03
,Test Folder,https://drive.google.com/drive/folders/13KVY_UsmTv0XdE0lDX1Ih99JfkeKsSp9,13KVY_UsmTv0XdE0lDX1Ih99JfkeKsSp9,0,2018-10-07 11:49:03
